{"cameraMode":{"drawMode":0,"name":"Shaded","section":"Shading Mode"},"sceneLighting":false,"audioPlay":false,"sceneViewState":{"showFog":true,"showMaterialUpdate":false,"showSkybox":false,"showFlares":true,"showImageEffects":true,"showParticleSystems":true},"in2DMode":false,"pivot":{"x":-0.00299999862909317,"y":4.103000164031982,"z":2.2100000381469728},"rotation":{"x":-0.16591356694698335,"y":-0.7847050428390503,"z":0.23758664727210999,"w":-0.5479685068130493},"size":0.12996646761894227,"orthographic":false}